
[
  {
    "bgImgURL": "./images/image1.jpg",
    "linkURL": "https://cssscript.com",
    "headline": "Applying to Medical school",
    "caption": "Lorem Ipsum is simply dummy text of the printing and typesetting industry. Lorem Ipsum has been the industry's standard dummy text ever since the 1500s, when an unknown printer took a galley of type and scrambled it to make a type specimen book. "
  },
  {
    "bgImgURL": "./images/image2.jpg",
    "linkURL": "https://cssscript.com",
    "headline": "Attending medical school",
    "caption": "Lorem Ipsum is simply dummy text of the printing and typesetting industry. Lorem Ipsum has been the industry's standard dummy text ever since the 1500s, when an unknown printer took a galley of type and scrambled it to make a type specimen book. "
  }
]