
[
    {
      "carouselImage": "./images/carousel-images/carousel-1.jpg",
      "carouselURL": "https://cssscript.com",
      "carouselHeadline": "Slide 1",
      "carouselCaption": "Description 1"
    },
    {
      "carouselImage": "./images/carousel-images/carousel-1.jpg",
      "carouselURL": "https://cssscript.com",
      "carouselHeadline": "Slide 21",
      "carouselCaption": "Description 2"
    },
    {
      "carouselImage": "./images/carousel-images/carousel-1.jpg",
      "carouselURL": "https://cssscript.com",
      "carouselHeadline": "Slide 2",
      "carouselCaption": "Description 2"
    }
    
  ]